id_count,email_count,total_orders,order_email_ratio
19,2,48,24.0
17,2,47,23.5
16,3,58,19.333333333333332
13,4,75,18.75
15,2,33,16.5
14,8,129,16.125
12,3,43,14.333333333333334
11,9,113,12.555555555555555
10,18,224,12.444444444444445
9,29,324,11.172413793103448
8,39,396,10.153846153846153
7,61,569,9.3278688524590159
6,130,971,7.4692307692307693
5,265,1638,6.1811320754716981
4,622,3167,5.091639871382637
3,1731,6488,3.7481224725592144
2,7781,19416,2.4953090862357024
1,73023,91466,1.2525642605754352